{
  "balance": 167302.33599999998,
  "active_mrr": 13880.16,
  "tech_debt": 0.0,
  "hype_multiplier": 1.0,
  "sprint_month": 4,
  "valuation": 1665619.1999999997,
  "pending_recurring_mrr": 0.0
}
