{
  "balance": 331270.4384612743,
  "active_mrr": 104006.79913462042,
  "tech_debt": 60.0,
  "hype_multiplier": 1.0,
  "sprint_month": 9,
  "valuation": 12480815.896154452,
  "pending_recurring_mrr": 0.0
}
