{
  "balance": 626599057.7479999,
  "active_mrr": 287927899.52,
  "tech_debt": 80.0,
  "hype_multiplier": 1.0,
  "sprint_month": 11,
  "valuation": 34551347942.399994
}
